CloseTime,OpenPrice,HighPrice,LowPrice,ClosePrice,Volume,VolumeUSD,DateTime
1527811200,7500.0,7585.0,7450.0,7560.0,33.39438,252267.84,2018-06-01
1527897600,7585.0,7585.0,7410.0,7500.0,26.046461,195530.84,2018-06-02
1527984000,7300.0,7575.0,7300.0,7575.0,19.305365,145520.44,2018-06-03
1528156800,7600.005,7600.005,7495.962,7514.97,9.832008,74096.98,2018-06-05
1528243200,7500.0,7623.359,7460.0,7623.359,15.496744,116350.445,2018-06-06
1528329600,7662.645,7683.299,7311.0,7671.021,68.80384,516570.78,2018-06-07
1528416000,7669.652,7900.0,7640.0,7673.252,87.11356,672966.94,2018-06-08
1528502400,7680.925,7720.004,7596.901,7671.031,46.992245,358663.47,2018-06-09
1528588800,7640.402,7680.529,7514.421,7514.421,13.401514,101534.18,2018-06-10
1528675200,7493.079,7493.079,7000.0,7000.0,39.838615,282124.9,2018-06-11
1528761600,7279.242,7279.242,6747.261,6838.301,5.1811566,35951.336,2018-06-12
1528848000,6867.836,6873.0,6462.397,6535.255,32.612488,216320.78,2018-06-13
1528934400,6516.713,6601.556,6170.262,6299.65,51.619045,328599.06,2018-06-14
1529020800,6323.724,6690.767,6281.482,6608.415,21.080454,135604.1,2018-06-15
1529107200,6607.0,6615.205,6398.478,6404.961,14.732019,96380.96,2018-06-16
1529193600,6414.891,6498.268,6356.675,6498.267,8.76995,56341.36,2018-06-17
1529280000,6514.042,6547.508,6460.0,6461.929,17.362751,112519.75,2018-06-18
1529366400,6403.712,6717.0,6400.58,6691.76,33.668343,219917.28,2018-06-19
1529452800,6700.0,6999.003,6670.893,6734.884,15.090005,102665.58,2018-06-20
1529539200,6716.143,6780.0,6596.968,6752.0,33.908813,227354.55,2018-06-21
1529625600,6750.789,6770.679,6691.0,6712.14,19.689186,132326.23,2018-06-22
1529712000,6702.5,6712.14,5978.162,6059.39,129.7717,802827.4,2018-06-23
1529798400,6067.944,6268.807,6062.458,6174.167,8.61677,53058.58,2018-06-24
1529884800,6149.174,6248.214,5800.0,6150.258,35.541798,213412.62,2018-06-25
1529971200,6150.943,6361.763,6118.141,6251.38,20.497221,127279.77,2018-06-26
1530057600,6204.49,6269.452,6065.681,6065.681,33.253426,206418.61,2018-06-27
1530144000,6050.0,6171.275,6007.522,6120.0,32.532646,197901.44,2018-06-28
1530230400,6147.39,6151.895,5842.187,5870.402,34.75314,211321.33,2018-06-29
1530316800,5883.635,6301.27,5800.0,6194.848,45.635242,272817.34,2018-06-30
1530403200,6230.002,6500.0,6227.551,6386.271,54.77551,348007.03,2018-07-01
1530489600,6392.84,6399.925,6275.0,6368.2,12.884417,81856.36,2018-07-02
1530576000,6341.198,6650.0,6282.0,6631.877,44.643982,289154.2,2018-07-03
1530662400,6597.363,6721.999,6455.0,6523.0,54.784473,362186.3,2018-07-04
1530748800,6521.333,6778.847,6455.0,6592.0,42.53084,283202.0,2018-07-05
1530835200,6573.346,6705.814,6450.146,6516.553,32.512436,214722.1,2018-07-06
1530921600,6522.408,6623.802,6454.09,6584.602,13.403949,87835.625,2018-07-07
1531008000,6561.353,6830.581,6525.653,6750.0,12.901054,85804.75,2018-07-08
1531094400,6754.1,6786.496,6698.81,6712.773,35.560413,240068.9,2018-07-09
1531180800,6723.555,6794.235,6650.0,6661.106,19.83154,133169.28,2018-07-10
1531267200,6658.305,6674.04,6282.702,6282.702,38.06978,244156.25,2018-07-11
1531353600,6335.557,6382.96,6282.702,6382.96,7.2182517,45756.973,2018-07-12
1531440000,6320.0,6382.96,6073.762,6245.0,25.775808,159362.7,2018-07-13
1531526400,6250.0,6401.759,6108.899,6263.0,31.39713,197730.77,2018-07-14
1531612800,6235.58,6301.14,6159.663,6290.269,23.23836,144173.98,2018-07-15
1531699200,6290.269,6411.626,6240.0,6365.0,12.718747,81098.0,2018-07-16
1531785600,6352.0,6759.285,6325.596,6743.437,16.206198,106740.625,2018-07-17
1531872000,6705.0,7420.0,6634.788,7340.0,80.35119,575465.2,2018-07-18
1531958400,7340.0,7505.301,7275.065,7304.0,32.261326,237496.88,2018-07-19
1532044800,7380.0,7537.264,7253.974,7537.264,26.637781,196846.9,2018-07-20
1532131200,7460.0,7654.0,7276.0,7276.704,22.458858,167243.42,2018-07-21
1532217600,7276.0,7484.345,7190.0,7435.0,10.2911825,75116.945,2018-07-22
1532304000,7340.549,7550.0,7325.0,7451.752,35.12954,261747.27,2018-07-23
1532390400,7400.0,7809.914,7400.0,7789.473,16.87319,129806.95,2018-07-24
1532476800,7700.0,8500.0,7696.26,8385.111,67.230934,540562.25,2018-07-25
1532563200,8377.438,8440.0,7989.933,8232.212,29.160248,237008.34,2018-07-26
1532649600,8080.432,8326.515,7850.0,7917.15,34.794365,280393.16,2018-07-27
1532736000,7905.068,8249.999,7820.0,8125.0,48.39067,391095.75,2018-07-28
1532822400,8135.613,8272.124,8098.278,8258.204,35.459106,290991.5,2018-07-29
1532908800,8203.219,8312.94,8115.0,8257.0,23.565973,194042.12,2018-07-30
1532995200,8208.392,8261.842,7822.0,8138.203,91.08119,728717.44,2018-07-31
1533081600,8146.296,8159.431,7645.64,7733.0,55.70104,436765.62,2018-08-01
1533168000,7686.307,7733.0,7410.411,7652.843,39.813225,302567.62,2018-08-02
1533254400,7639.0,7739.081,7472.8,7560.0,14.597077,110682.12,2018-08-03
1533340800,7488.94,7514.013,7300.0,7388.622,10.3993025,76657.58,2018-08-04
1533427200,7430.0,7488.0,6924.815,7044.231,17.700676,124743.62,2018-08-05
1533513600,7042.848,7090.899,6910.0,7009.651,10.811548,75367.08,2018-08-06
1533600000,7031.755,7150.0,6800.0,6890.081,23.494106,162785.23,2018-08-07
1533686400,6915.592,7149.998,6670.0,6704.972,57.46851,397042.97,2018-08-08
1533772800,6704.972,6705.0,6150.0,6275.0,145.02155,927398.56,2018-08-09
1533859200,6275.0,6624.0,6220.0,6580.0,83.24994,536399.9,2018-08-10
1533945600,6570.0,6571.0,6004.525,6190.0,108.34945,682282.4,2018-08-11
1534032000,6148.557,6468.0,6040.0,6251.0,64.54174,401838.34,2018-08-12
1534118400,6215.0,6450.0,6215.0,6315.629,40.760082,260363.88,2018-08-13
1534204800,6315.635,6520.0,6121.102,6245.639,43.337112,273541.1,2018-08-14
1534291200,6214.0,6233.268,5901.0,6200.0,82.946465,498541.75,2018-08-15
1534377600,6201.962,6601.701,6200.0,6259.757,44.669098,286290.78,2018-08-16
1534464000,6259.757,6449.871,6233.38,6297.41,47.13375,297958.28,2018-08-17
1534550400,6297.411,6598.272,6297.411,6546.265,39.441902,255756.4,2018-08-18
1534636800,6549.569,6604.869,6320.0,6399.706,36.563152,237740.88,2018-08-19
1534723200,6397.802,6529.0,6348.407,6481.25,13.038804,83756.23,2018-08-20
1534809600,6474.754,6525.121,6220.148,6279.09,60.405334,385307.1,2018-08-21
1534896000,6277.19,6480.0,6264.622,6476.523,27.420166,176113.73,2018-08-22
1534982400,6469.826,6890.0,6250.0,6348.458,168.87222,1115475.2,2018-08-23
1535068800,6348.458,6551.0,6342.0,6512.397,85.01104,548297.0,2018-08-24
1535155200,6512.397,6714.447,6470.896,6688.584,128.56963,844156.44,2018-08-25
1535241600,6691.392,6785.832,6658.872,6738.953,80.91054,543061.2,2018-08-26
1535328000,6731.211,6748.0,6565.28,6684.99,78.326866,522729.0,2018-08-27
1535414400,6685.0,6950.0,6666.0,6900.7,140.90971,950560.3,2018-08-28
1535500800,6903.551,7100.0,6849.624,7063.979,225.9362,1577618.1,2018-08-29
1535587200,7059.87,7100.0,6900.363,7032.846,223.95145,1575991.9,2018-08-30
1535673600,7035.69,7050.773,6800.006,6980.977,179.76295,1239127.4,2018-08-31
1535760000,6983.769,7050.0,6890.379,7011.996,102.50191,714020.6,2018-09-01
1535846400,7011.996,7270.466,7005.0,7141.356,251.14983,1786941.5,2018-09-02
1535932800,7120.253,7325.0,7052.802,7270.165,140.294,1013804.44,2018-09-03
1536019200,7273.078,7305.0,7011.0,7241.903,152.56819,1099586.6,2018-09-04
1536105600,7240.0,7400.0,7224.0,7350.545,81.50893,597479.3,2018-09-05
1536192000,7350.54,7388.283,6656.328,6679.626,297.52588,2075522.8,2018-09-06
1536278400,6677.139,6692.0,6271.0,6510.183,276.9768,1780037.5,2018-09-07
1536364800,6488.535,6638.1,6310.0,6380.018,120.31987,775120.06,2018-09-08
1536451200,6380.593,6463.06,6105.0,6177.604,243.74173,1536872.4,2018-09-09
1536537600,6177.604,6414.938,6120.0,6240.347,149.646,945659.9,2018-09-10
1536624000,6237.938,6335.0,6200.0,6300.0,126.45259,793487.7,2018-09-11
1536710400,6331.0,6358.0,6141.0,6276.977,184.37962,1155765.0,2018-09-12
1536796800,6275.0,6339.0,6150.0,6325.966,144.15675,901625.8,2018-09-13
1536883200,6336.658,6499.0,6336.658,6460.0,168.20131,1080534.6,2018-09-14
1536969600,6459.0,6575.5,6390.0,6480.78,94.80313,612831.8,2018-09-15
1537056000,6482.603,6560.0,6470.0,6511.25,45.921055,299354.84,2018-09-16
1537142400,6523.222,6523.222,6342.521,6450.0,62.686783,404249.53,2018-09-17
1537228800,6488.0,6503.967,6160.0,6235.93,306.4452,1921684.8,2018-09-18
1537315200,6235.93,6363.0,6197.051,6307.287,182.18762,1143519.1,2018-09-19
1537401600,6307.287,6485.002,6080.0,6380.0,162.24243,1023109.94,2018-09-20
1537488000,6380.0,6528.0,6352.0,6480.299,122.17248,783706.6,2018-09-21
1537574400,6491.892,6775.0,6478.286,6749.997,435.26785,2908519.8,2018-09-22
1537660800,6727.0,6812.773,6610.004,6732.986,97.55928,654218.56,2018-09-23
1537747200,6720.0,6772.0,6645.001,6689.93,97.22405,651716.75,2018-09-24
1537833600,6709.0,6719.0,6555.0,6597.171,196.1758,1297125.0,2018-09-25
1537920000,6570.495,6570.495,6330.0,6425.0,154.30222,992054.6,2018-09-26
1538006400,6413.001,6544.929,6374.24,6473.335,167.73671,1086631.1,2018-09-27
1538092800,6475.34,6730.892,6430.0,6666.786,159.4647,1049682.8,2018-09-28
1538179200,6675.0,6783.647,6530.0,6646.997,172.2946,1149324.6,2018-09-29
1538265600,6608.705,6617.992,6470.0,6599.744,91.016754,595455.8,2018-09-30
1538352000,6589.08,6671.0,6500.0,6580.516,85.591255,563952.6,2018-10-01
1538438400,6584.31,6644.061,6481.0,6553.0,134.8537,885571.9,2018-10-02
1538524800,6569.329,6595.0,6463.0,6500.0,150.92874,986280.94,2018-10-03
1538611200,6490.0,6519.944,6400.0,6472.21,244.23834,1573401.8,2018-10-04
1538697600,6469.48,6597.4,6460.0,6531.83,206.67387,1351481.1,2018-10-05
1538784000,6552.61,6620.0,6503.003,6599.997,83.35963,546652.6,2018-10-06
1538870400,6598.995,6602.95,6525.1,6550.0,80.46843,528163.6,2018-10-07
1538956800,6562.0,6590.0,6483.01,6547.306,79.98497,522967.28,2018-10-08
1539043200,6575.0,6660.0,6537.73,6612.69,111.282486,734403.1,2018-10-09
1539129600,6602.001,6622.14,6550.0,6581.0,182.0146,1198209.4,2018-10-10
1539216000,6581.0,6581.0,6450.0,6506.87,126.53543,823959.2,2018-10-11
1539302400,6502.885,6502.885,6049.999,6145.36,421.61807,2608573.2,2018-10-12
1539388800,6120.0,6242.66,6050.0,6193.011,349.0447,2154200.2,2018-10-13
1539475200,6190.0,6238.59,6170.042,6186.0,98.594246,610946.4,2018-10-14
1539561600,6186.0,6249.559,6120.0,6146.79,64.22331,398184.1,2018-10-15
1539648000,6139.155,6600.001,6120.001,6426.0,816.5581,5198319.0,2018-10-16
1539734400,6426.0,6490.0,6390.05,6464.37,331.98502,2134878.0,2018-10-17
1539820800,6447.266,6489.338,6381.36,6436.038,306.6941,1974071.4,2018-10-18
1539907200,6446.57,6483.12,6330.457,6395.0,279.14435,1787313.0,2018-10-19
1539993600,6404.659,6413.496,6357.08,6375.01,222.67847,1420426.1,2018-10-20
1540080000,6375.01,6430.403,6358.598,6402.415,104.22007,667436.3,2018-10-21
1540166400,6403.637,6461.469,6400.0,6421.28,83.52217,537261.2,2018-10-22
1540252800,6400.0,6438.82,6373.7,6420.9,179.14598,1146987.2,2018-10-23
1540339200,6419.7,6426.48,6350.0,6400.0,173.7337,1110839.8,2018-10-24
1540425600,6405.419,6450.0,6383.52,6410.0,281.71414,1808295.2,2018-10-25
1540512000,6410.5,6433.31,6360.0,6400.0,181.95207,1165344.2,2018-10-26
1540598400,6395.0,6442.282,6376.0,6400.0,228.43263,1462263.5,2018-10-27
1540684800,6400.0,6424.979,6384.64,6406.0,111.532524,714147.06,2018-10-28
1540771200,6416.93,6420.0,6373.239,6403.57,103.52937,662234.44,2018-10-29
1540857600,6403.57,6409.0,6209.52,6272.37,325.9032,2058139.4,2018-10-30
1540944000,6257.53,6294.58,6243.594,6277.041,173.43132571,1086875.6167289168,2018-10-31
1541030400,6275.94,6348.0,6205.0,6297.22,265.90109152,1667066.2480214897,2018-11-01
1541116800,6298.71,6348.0,6269.0,6346.32,123.79258634,780703.002073532,2018-11-02
1541203200,6346.32,6379.303,6327.25,6350.0,143.31285597,910719.863596839,2018-11-03
1541289600,6348.0,6355.07,6307.404,6333.009,102.73923314,650962.3788200608,2018-11-04
1541376000,6333.006,6450.0,6319.514,6426.68,259.99851006,1661605.708970769,2018-11-05
1541462400,6430.874,6450.0,6372.23,6394.566,201.93705884,1296140.1605256181,2018-11-06
1541548800,6398.451,6456.222,6383.58,6454.438,366.52324344,2353464.1288340725,2018-11-07
1541635200,6454.445,6527.599,6441.566,6490.945,273.99679179,1783112.6530345657,2018-11-08
1541721600,6505.955,6513.292,6356.0,6419.598,227.60812501,1465555.2048320968,2018-11-09
1541808000,6420.859,6425.0,6300.0,6344.0,217.55003927,1383206.41327081,2018-11-10
1541894400,6333.074,6382.244,6333.074,6351.18,126.39034583,804319.4954995894,2018-11-11
1541980800,6351.18,6373.018,6276.999,6354.538,205.23232955,1300701.9189122072,2018-11-12
1542067200,6366.84,6395.0,6299.4,6332.924,172.52996906,1095798.3235302262,2018-11-13
1542153600,6332.924,6340.695,6250.0,6265.192,237.33516446,1491795.302026109,2018-11-14
1542240000,6253.003,6315.309,5290.945,5630.552,2078.57216549,11990067.157799007,2018-11-15
1542326400,5616.369,5657.242,5202.6,5562.0,1194.56331993,6482973.11207877,2018-11-16
1542412800,5572.051,5606.045,5391.285,5514.704,569.62345521,3146633.8978068526,2018-11-17
1542499200,5510.72,5541.59,5449.145,5499.952,303.08464118,1661781.040657166,2018-11-18
1542585600,5515.0,5644.451,5506.001,5556.0,257.03604937,1422263.1656902411,2018-11-19
1542672000,5557.16,5557.16,4656.0,4739.165,2744.54032259,14033476.22879494,2018-11-20
1542758400,4733.158,4891.23,4025.0,4357.977,2378.63062312,10659927.507871645,2018-11-21
1542844800,4345.293,4626.336,4242.865,4537.84,1661.08268076,7388996.237529993,2018-11-22
1542931200,4537.84,4586.999,4230.365,4258.881,792.55851041,3535049.171028363,2018-11-23
1543017600,4258.881,4350.0,4096.0,4273.389,945.46067553,3999421.5806431146,2018-11-24
1543104000,4271.395,4380.159,3666.0,3791.487,1281.05746155,5125318.2932382375,2018-11-25
1543190400,3791.487,4110.279,3445.0,3933.275,2255.64725312,8463111.167771932,2018-11-26
1543276800,3938.0,4102.489,3520.467,3727.665,1799.7553694,6814951.780866884,2018-11-27
1543363200,3717.001,3830.0,3564.79,3759.868,876.46040688,3244171.5565560926,2018-11-28
1543449600,3764.7,4350.0,3764.7,4218.02,1850.54104431,7589308.840649658,2018-11-29
1543536000,4223.7,4400.0,4073.06,4230.953,1330.67564625,5653875.111608731,2018-11-30
1543622400,4244.04,4300.908,3862.6,3979.0,1311.93632396,5274277.5294537535,2018-12-01
1543708800,3979.0,4259.11,3910.051,4145.0,1051.89854576,4323325.27244976,2018-12-02
1543795200,4140.0,4270.0,4035.0,4102.195,689.05857829,2838652.1887181103,2018-12-03
1543881600,4100.0,4111.89,3745.0,3833.92,1187.76167942,4648228.134285606,2018-12-04
1543968000,3829.13,4042.885,3735.0,3903.431,950.64958078,3711260.2443386405,2018-12-05
1544054400,3900.75,3916.01,3661.0,3687.604,1023.50056821,3863964.0415482884,2018-12-06
1544140800,3691.76,3841.5,3419.997,3434.035,2102.25066101,7694611.438616999,2018-12-07
1544227200,3440.0,3536.57,3206.0,3382.318,2505.51710203,8409268.223186504,2018-12-08
1544313600,3380.0,3496.569,3250.0,3405.58,1047.89166731,3542152.7686953302,2018-12-09
1544400000,3405.58,3640.28,3376.0,3529.246,756.52799172,2655956.5344560035,2018-12-10
1544486400,3527.705,3586.636,3354.341,3414.447,1027.17436884,3546229.589346384,2018-12-11
1544572800,3408.0,3427.203,3291.77,3345.0,2150360.11427827,7211711471.531021,2018-12-12
1544659200,3344.999,3488.886,3323.388,3434.397,5308236.13965976,17947919926.215103,2018-12-13
1544745600,3434.192,3440.01,3220.0,3259.035,1715.2802243,5717108.85028214,2018-12-14
1544832000,3259.22,3298.78,3135.999,3192.741,1801.43049459,5801801.632136648,2018-12-15
1544918400,3192.741,3231.0,3125.0,3183.291,1002.75157921,3179497.8514564773,2018-12-16
1545004800,3180.12,3260.913,3180.12,3197.0,575.09455281,1849102.036869294,2018-12-17
1545091200,3196.997,3583.0,3184.396,3497.006,1781.57289533,6080910.083217252,2018-12-18
1545177600,3497.006,3681.0,3431.396,3670.627,1624.60534935,5719615.949952102,2018-12-19
1545264000,3670.627,3920.0,3640.0,3679.0,2702.54110569,10146220.760945842,2018-12-20
1545350400,3680.369,4173.808,3655.001,4075.456,4784.05271645,19036405.669468246,2018-12-21
1545436800,4072.648,4163.084,3776.0,3837.754,2787.366592,11036959.459056623,2018-12-22
1545523200,3837.754,4010.278,3790.241,3971.121,1492.77180685,5767898.696372543,2018-12-23
1545609600,3972.419,4053.322,3905.003,3947.077,1400.07684452,5575878.277092778,2018-12-24
1545696000,3947.071,4236.0,3943.645,4031.07,3280.7223154,13514368.654551689,2018-12-25
1545782400,4031.07,4045.737,3676.1,3780.0,3495.74831884,13195763.664840527,2018-12-26
1545868800,3782.357,3865.298,3684.15,3808.0,2284.60446964,8632982.271887317,2018-12-27
1545955200,3808.0,3839.948,3561.0,3591.427,1797.77219426,6642455.544287134,2018-12-28
1546041600,3593.0,3956.999,3574.763,3886.21,2258.86218315,8567041.32824644,2018-12-29
1546128000,3891.289,3935.238,3697.016,3720.985,1409.41375715,5451136.655198054,2018-12-30
1546214400,3723.76,3860.726,3675.333,3828.0,775.65580572,2930715.399464902,2018-12-31
1546300800,3840.201,3840.201,3616.492,3675.5,1063.75613315,3990615.7792039854,2019-01-01
1546387200,3690.456,3842.949,3637.402,3822.0,587.6422296,2181980.7021983415,2019-01-02
1546473600,3838.385,3915.129,3767.376,3885.0,759.92409671,2917979.477515042,2019-01-03
1546560000,3894.177,3894.18,3756.965,3786.015,726.35936557,2782016.333692788,2019-01-04
1546646400,3779.5,3850.0,3728.75,3827.722,909.56674826,3444198.730899068,2019-01-05
1546732800,3817.823,3875.08,3781.495,3802.332,565.41711977,2168121.693162683,2019-01-06
1546819200,3802.332,4080.0,3756.053,4039.997,1169.67429352,4649333.301860074,2019-01-07
1546905600,4037.0,4071.76,3964.28,4007.082,952.54423912,3826747.761486031,2019-01-08
1546992000,4005.789,4113.81,3946.066,3994.837,1379.54673751,5552350.8253649995,2019-01-09
1547078400,3994.837,4041.762,3962.08,3998.0,853.10292742,3416723.5460454854,2019-01-10
1547164800,3994.44,4036.265,3560.0,3628.0,2182.67520796,8192187.589470039,2019-01-11
1547251200,3621.65,3690.348,3562.0,3632.18,1007.56072842,3654302.8859378537,2019-01-12
1547337600,3624.0,3651.5,3561.479,3617.991,660.64435806,2390990.660232737,2019-01-13
1547424000,3605.297,3645.0,3482.711,3510.35,1033.45990256,3660314.9368719277,2019-01-14
1547510400,3510.6,3713.925,3501.676,3666.42,815.40726453,2952159.070543994,2019-01-15
1547596800,3660.493,3681.37,3543.387,3574.391,1074.94169585,3894272.901530879,2019-01-16
1547683200,3578.0,3667.521,3571.0,3609.614,813.05250346,2933112.683259101,2019-01-17
1547769600,3609.329,3657.296,3546.0,3639.901,729.31570521,2628086.7173627163,2019-01-18
1547856000,3635.857,3641.184,3578.649,3610.504,478.42317119,1728858.4087594121,2019-01-19
1547942400,3611.0,3763.767,3601.962,3690.45,685.15911322,2529268.564984965,2019-01-20
1548028800,3681.631,3705.98,3471.067,3537.254,771.05636037,2752248.2530428376,2019-01-21
1548115200,3543.427,3570.0,3484.711,3527.4,465.2976138,1643532.813625624,2019-01-22
1548201600,3535.541,3610.0,3429.0,3575.137,702.87377768,2488561.175314417,2019-01-23
1548288000,3577.857,3614.084,3521.18,3556.34,773.21977107,2754613.2501428253,2019-01-24
1548374400,3549.0,3591.776,3527.179,3562.355,530.36284189,1887944.1585379457,2019-01-25
1548460800,3574.48,3580.0,3506.0,3558.151,662.57331894,2350642.577545961,2019-01-26
1548547200,3563.18,3657.297,3538.167,3561.094,520.60133857,1864001.209261143,2019-01-27
1548633600,3560.085,3565.58,3469.93,3530.003,810.72559958,2860622.9219491193,2019-01-28
1548720000,3530.0,3540.035,3374.459,3433.091,1633.312687,5609747.114750068,2019-01-29
1548806400,3433.074,3441.356,3339.0,3392.206,1338.06962784,4537820.391992813,2019-01-30
1548892800,3387.509,3465.468,3371.0,3436.0,810.71726209,2779273.223076094,2019-01-31
1548979200,3440.797,3473.782,3377.065,3413.18,579.32390174,1980549.0308660276,2019-02-01
1549065600,3416.732,3460.0,3355.597,3431.25,805.33611783,2750071.01335486,2019-02-02
1549152000,3431.25,3485.351,3411.186,3462.727,574.37272605,1974677.3721604387,2019-02-03
1549238400,3469.86,3474.871,3383.48,3418.811,515.82450518,1763874.846929163,2019-02-04
1549324800,3420.02,3441.123,3394.49,3417.022,271.44517025,927448.8805761674,2019-02-05
1549411200,3411.0,3434.91,3394.8,3434.91,323.80570139,1108089.0882239465,2019-02-06
1549497600,3435.0,3446.0,3323.32,3370.188,777.71358683,2622230.3273951504,2019-02-07
1549584000,3367.189,3382.596,3347.958,3354.4,305.86887641,1029372.9313814967,2019-02-08
1549670400,3360.0,3718.792,3340.3,3622.949,2025.35175364,7195031.297836199,2019-02-09
1549756800,3625.612,3640.911,3595.113,3620.41,774.83074151,2802493.7319198474,2019-02-10
1549843200,3629.955,3659.771,3576.68,3648.914,792.31357503,2867144.0480193826,2019-02-11
1549929600,3651.914,3652.933,3580.0,3587.633,1331.50032146,4793969.71704588,2019-02-12
1550016000,3590.873,3622.0,3547.374,3590.747,1344.19362001,4814876.516905689,2019-02-13
1550102400,3587.0,3630.0,3560.142,3573.638,851.56113842,3051917.9292731923,2019-02-14
1550188800,3573.638,3592.02,3535.3,3557.152,636.42497722,2271329.6687449412,2019-02-15
1550275200,3565.35,3620.345,3541.434,3568.529,946.82974974,3383631.9006918077,2019-02-16
1550361600,3568.529,3611.0,3561.648,3582.767,597.01434446,2142917.9570655404,2019-02-17
1550448000,3583.344,3662.573,3555.153,3625.0,609.67829206,2193657.4023643397,2019-02-18
1550534400,3629.15,3918.502,3612.94,3867.247,2429.2759511,9233965.73154429,2019-02-19
1550620800,3869.655,3970.0,3838.414,3887.5,1139.93380788,4456303.887424057,2019-02-20
1550707200,3892.865,3966.774,3866.904,3939.488,1172.63795469,4582773.2822615,2019-02-21
1550793600,3940.0,3990.0,3850.0,3893.463,1122.52544992,4388458.193452251,2019-02-22
1550880000,3898.2,3956.6,3887.887,3938.783,632.92453257,2487384.7684620162,2019-02-23
1550966400,3937.961,4156.001,3909.403,4110.999,822.86963048,3313878.35448676,2019-02-24
1551052800,4107.711,4186.384,3700.0,3728.322,2477.20065131,9618176.547579292,2019-02-25
1551139200,3731.012,3864.35,3730.001,3820.06,1500.49170787,5709305.160294036,2019-02-26
1551225600,3827.269,3831.89,3765.0,3792.906,808.3579311,3067948.306290435,2019-02-27
1551312000,3792.105,3824.999,3649.475,3745.894,1264.80998706,4760160.565845345,2019-02-28
1551398400,3747.366,3890.609,3742.0,3794.883,328.29459097,1254022.6443083324,2019-03-01
1551484800,3790.001,3852.151,3788.668,3816.369,400.46854855,1529545.840499997,2019-03-02
1551571200,3801.566,3827.0,3765.0,3815.958,443.17674065,1686270.2258489367,2019-03-03
1551657600,3815.958,3820.0,3765.54,3790.134,210.12420419,798176.7697302452,2019-03-04
1551744000,3786.859,3809.483,3666.001,3701.928,765.53341007,2845421.5280441986,2019-03-05
1551830400,3698.362,3870.042,3690.443,3844.46,1235.20619936,4684882.951631813,2019-03-06
1551916800,3846.312,3895.484,3809.45,3852.815,814.84191027,3130137.873310124,2019-03-07
1552003200,3847.804,3890.0,3830.091,3853.98,624.42275366,2413739.647744452,2019-03-08
1552089600,3860.319,3910.0,3773.806,3842.137,676.23358273,2616489.79048638,2019-03-09
1552176000,3839.58,3948.0,3834.755,3920.936,411.55657149,1603595.6968031996,2019-03-10
1552262400,3920.936,3920.936,3865.0,3900.469,317.34888471,1236621.3243841792,2019-03-11
1552348800,3903.377,3913.09,3817.319,3849.909,723.00941706,2787331.958519076,2019-03-12
1552435200,3849.909,3874.583,3800.0,3863.773,577.22084072,2221001.0604910515,2019-03-13
1552521600,3866.519,3873.68,3830.0,3850.675,566.81715581,2185272.647185695,2019-03-14
1552608000,3849.599,3903.011,3785.0,3854.899,655.17393715,2521692.8959777965,2019-03-15
1552694400,3854.9,3909.424,3847.699,3904.408,513.04035945,1990150.6225367857,2019-03-16
1552780800,3900.013,4036.987,3900.013,3987.43,633.93070912,2523582.0173321213,2019-03-17
1552867200,3987.43,3995.0,3935.374,3966.917,413.23919146,1638446.443775728,2019-03-18
1552953600,3962.0,4015.458,3936.635,3974.442,473.58765945,1880232.7979010872,2019-03-19
1553040000,3974.034,4010.516,3953.0,4000.1,564.14889021,2245648.88826741,2019-03-20
1553126400,4001.563,4045.441,3965.001,4036.183,826.4809965,3305735.9900790458,2019-03-21
1553212800,4035.178,4055.0,3910.0,3975.867,954.62874907,3809992.4270576993,2019-03-22
1553299200,3975.864,3998.0,3962.051,3982.0,461.05519904,1837731.8329786733,2019-03-23
1553385600,3982.0,3999.666,3960.011,3985.089,415.58446652,1653802.0510242544,2019-03-24
1553472000,3985.089,3985.089,3947.071,3968.389,319.87084991,1269331.46292315,2019-03-25
1553558400,3972.97,3990.736,3859.835,3910.23,598.57778993,2355070.010606496,2019-03-26
1553644800,3906.401,3922.86,3882.108,3917.974,674.30836895,2634727.240441414,2019-03-27
1553731200,3917.974,4034.255,3914.85,4028.013,774.60011663,3096541.5244580326,2019-03-28
1553817600,4024.749,4024.749,3987.535,4012.891,513.19675167,2057964.033383027,2019-03-29
1553904000,4011.914,4098.045,4007.0,4090.0,990.84400607,4025558.058968275,2019-03-30
1553990400,4089.999,4128.71,4044.284,4094.444,420.27000525,1717805.417044752,2019-03-31
1554076800,4094.7,4100.667,4060.228,4090.204,432.81691225,1769751.1660796334,2019-04-01
1554163200,4090.204,4149.15,4054.091,4138.7,612.89704208,2529393.901076638,2019-04-02
1554249600,4138.7,5000.0,4134.244,4903.79,4086.96240566,19202364.37415224,2019-04-03
1554336000,4902.46,5340.56,4810.0,4970.639,3625.01819298,18271079.15512511,2019-04-04
1554422400,4967.223,5071.87,4785.341,4901.899,1314.70707274,6504656.40461503,2019-04-05
1554508800,4916.5,5065.18,4889.208,5037.49,801.54961825,4001536.511967405,2019-04-06
1554595200,5035.352,5236.999,4910.0,5036.716,1347.009863,6809584.481567081,2019-04-07
1554681600,5044.005,5266.297,5027.022,5191.518,494.20773916,2540434.3963281177,2019-04-08
1554768000,5191.344,5340.801,5139.061,5285.0,1162.94098387,6093891.2730869185,2019-04-09
1554854400,5285.001,5285.001,5146.653,5192.931,1121.53135338,5844272.423557575,2019-04-10
1554940800,5190.808,5461.71,5171.089,5326.8,1175.95511867,6240285.498802436,2019-04-11
1555027200,5326.964,5348.909,4972.12,5023.615,1314.69668374,6744653.929343645,2019-04-12
1555113600,5040.552,5113.261,4907.941,5081.668,814.05745119,4100032.50425358,2019-04-13
1555200000,5081.665,5119.55,5043.76,5076.71,242.87047014,1234776.1472952166,2019-04-14
1555286400,5062.205,5183.831,5020.393,5163.46,272.85562554,1391133.498145818,2019-04-15
1555372800,5162.9,5185.839,4949.001,5039.002,688.48848225,3490613.818697985,2019-04-16
1555459200,5026.927,5230.329,5018.352,5206.103,599.64376565,3074686.1599564003,2019-04-17
1555545600,5207.822,5266.665,5172.0,5225.201,525.30718073,2743847.1690721116,2019-04-18
1555632000,5226.597,5320.0,5225.19,5284.646,585.6578428,3084758.729061131,2019-04-19
1555718400,5284.046,5350.0,5197.631,5285.282,487.52618981,2572282.373818805,2019-04-20
1555804800,5287.229,5355.0,5263.357,5323.6,274.24449001,1458169.6236117142,2019-04-21
1555891200,5317.19,5345.0,5218.0,5300.847,239.19147917,1262593.3109842984,2019-04-22
1555977600,5295.058,5437.75,5256.533,5383.568,542.34386194,2893109.6372439037,2019-04-23
1556064000,5383.569,5637.42,5369.969,5537.071,767.76737803,4249160.467846246,2019-04-24
1556150400,5533.137,5620.01,5376.854,5444.099,936.076367,5114904.951289731,2019-04-25
1556236800,5444.489,5510.234,4980.001,5138.357,1154.73934898,6032634.798668,2019-04-26
1556323200,5131.831,5280.0,5034.814,5161.489,963.50910121,4946496.544258162,2019-04-27
1556409600,5155.699,5218.845,5114.199,5172.017,284.41411529,1470415.0597615535,2019-04-28
1556496000,5169.0,5213.37,5105.0,5152.476,259.73390426,1340776.745377716,2019-04-29
1556582400,5156.598,5187.0,5062.799,5151.347,373.24309026,1921704.733711319,2019-04-30
1556668800,5152.012,5288.151,5133.069,5269.8,519.61485589,2709996.9374843617,2019-05-01
1556755200,5267.502,5349.875,5267.502,5326.098,464.71819309,2465565.0166872335,2019-05-02
1556841600,5325.815,5419.188,5310.0,5393.231,396.79127736,2132434.369256571,2019-05-03
1556928000,5390.0,5794.2,5367.949,5669.999,1105.26423339,6244966.9951511305,2019-05-04
1557014400,5669.995,5831.288,5500.0,5770.242,603.281359,3434515.569871833,2019-05-05
1557100800,5770.241,5780.0,5631.186,5730.068,300.74688732,1719522.3235198283,2019-05-06
1557187200,5710.981,5751.72,5570.141,5685.612,482.34641727,2731223.9512904678,2019-05-07
1557273600,5692.538,5963.382,5692.538,5753.769,705.19389118,4133867.718693561,2019-05-08
1557360000,5750.327,5983.6,5664.178,5940.0,522.95256565,3061932.1886884477,2019-05-09
1557446400,5940.0,6174.646,5936.701,6152.9,686.03190982,4151072.426165678,2019-05-10
1557532800,6152.9,6424.49,6106.95,6345.0,894.36100944,5635065.270298295,2019-05-11
1557619200,6345.0,7449.453,6345.0,7226.01,2304.78971298,15995540.472170938,2019-05-12
1557705600,7222.678,7575.0,6763.702,6972.99,2502.45926791,17950654.123993643,2019-05-13
1557792000,6980.397,8157.002,6865.16,7814.376,2790.74352301,21448921.009582147,2019-05-14
1557878400,7814.376,8320.0,7616.0,7989.85,1964.29227298,15655058.349065509,2019-05-15
1557964800,7989.85,8297.647,7844.19,8195.79,1327.73280696,10723857.297797529,2019-05-16
1558051200,8201.788,8382.558,7654.09,7889.0,1647.93406985,13172398.957566485,2019-05-17
1558137600,7877.612,7936.1,6635.029,7361.252,2671.5621094,19240829.57028234,2019-05-18
1558224000,7364.405,7482.999,7220.429,7271.825,702.02675766,5142320.13487741,2019-05-19
1558310400,7264.61,8294.52,7262.186,8185.427,1567.82719868,12444576.585205853,2019-05-20
1558396800,8195.484,8200.0,7581.54,8007.935,1397.9967802,11073537.11791115,2019-05-21
1558483200,8007.129,8109.546,7812.21,7950.89,816.06621716,6505303.089907685,2019-05-22
1558569600,7961.619,8042.0,7510.0,7632.74,806.1657591,6322218.099254114,2019-05-23
1558656000,7614.87,7977.28,7478.064,7880.0,783.67059726,6035763.261073495,2019-05-24
1558742400,7880.0,8190.0,7800.26,8004.421,675.29493552,5415952.494407498,2019-05-25
1558828800,7997.423,8142.999,7950.0,8078.263,396.32843461,3191590.139297591,2019-05-26
1558915200,8072.907,8796.0,7901.0,8748.999,1083.55634726,9107398.367530013,2019-05-27
1559001600,8748.0,8937.069,8626.794,8784.279,787.51146427,6917825.24650645,2019-05-28
1559088000,8781.277,8819.614,8529.637,8733.001,718.5055027,6259767.86067259,2019-05-29
1559174400,8733.001,8766.892,8435.02,8667.84,834.1433082,7196804.036003769,2019-05-30
1559260800,8663.85,9089.623,7995.0,8276.795,1912.41681141,16307644.476125719,2019-05-31
1559347200,8276.795,8579.0,8115.503,8560.001,1001.46107165,8405318.932243945,2019-06-01
1559433600,8560.001,8614.999,8456.7,8555.879,300.5193065,2567824.479314179,2019-06-02
1559520000,8554.993,8850.0,8548.41,8744.73,274.14634972,2384352.2960726074,2019-06-03
1559606400,8745.01,8745.01,8044.729,8105.0,934.75376975,7880445.078436384,2019-06-04
1559692800,8104.047,8104.047,7433.184,7667.274,1601.0802843,12530171.434440253,2019-06-05
1559779200,7674.899,7923.485,7575.072,7786.93,573.47151462,4456895.6158380015,2019-06-06
1559865600,7784.539,7875.0,7454.098,7801.46,725.30141401,5604617.641505125,2019-06-07
1559952000,7801.46,8125.0,7762.125,8004.9,696.22107537,5537874.640032601,2019-06-08
1560038400,8003.249,8056.4,7793.609,7941.113,318.14849031,2518338.63586695,2019-06-09
1560124800,7927.934,7960.584,7514.7,7645.001,506.04050887,3903988.2885016697,2019-06-10
1560211200,7645.002,8086.304,7531.842,8027.469,814.89529631,6426369.090211279,2019-06-11
1560297600,8023.395,8049.998,7715.0,7920.0,530.94342721,4181015.2318505663,2019-06-12
1560384000,7920.0,8277.0,7829.0,8174.0,891.04538338,7179554.72139418,2019-06-13
1560470400,8177.478,8355.999,8053.709,8228.87,571.11412057,4685697.723623483,2019-06-14
1560556800,8230.0,8738.569,8184.95,8699.0,848.12748827,7156686.644500478,2019-06-15
1560643200,8698.995,8910.778,8622.88,8851.122,591.3904615,5179608.550844746,2019-06-16
1560729600,8853.069,9385.0,8809.693,8986.779,1557.9135424,14220633.22992659,2019-06-17
1560816000,8982.398,9471.137,8979.921,9333.01,939.39923593,8713966.202763475,2019-06-18
1560902400,9333.029,9353.282,8926.46,9081.6,759.60382955,6920900.436336586,2019-06-19
1560988800,9087.548,9310.0,9046.028,9280.0,473.90241592,4344564.538297784,2019-06-20
1561075200,9280.801,9600.0,9220.46,9538.655,842.2217373,7910167.552201527,2019-06-21
1561161600,9524.276,10240.783,9524.273,10226.534,1158.99571238,11419140.726546705,2019-06-22
1561248000,10220.007,11190.0,10089.91,10642.323,1838.12022996,19646900.293797888,2019-06-23
1561334400,10640.614,11229.512,10500.4,10795.0,756.1078556,8183884.125262014,2019-06-24
1561420800,10795.0,11084.203,10556.0,11012.551,662.33623807,7181400.512742758,2019-06-25
1561507200,11014.99,11792.836,11009.223,11765.144,1188.40081498,13482001.34708228,2019-06-26
1561593600,11765.143,13849.0,11362.0,12763.001,3112.99712421,39201821.90832789,2019-06-27
1561680000,12839.943,13267.993,10205.0,11127.812,2496.47296381,28625056.730381344,2019-06-28
1561766400,11162.15,12435.0,10754.0,12362.1,1393.21192838,16287415.178269073,2019-06-29
1561852800,12367.269,12367.269,11318.723,11875.6,1001.26987869,11835783.940662716,2019-06-30
1561939200,11876.026,12190.0,10666.68,10756.29,1077.10516571,12184047.713080382,2019-07-01
1562025600,10753.226,11189.999,9970.75,10571.36,1584.57682595,16617642.638995985,2019-07-02
1562112000,10563.803,10916.828,9659.019,10841.149,1865.49216565,19134045.48016055,2019-07-03
1562198400,10827.503,11999.999,10827.503,11974.558,1924.45152428,21878144.21050224,2019-07-04
1562284800,11978.999,12042.038,11030.919,11136.614,1312.34310169,15240156.806465985,2019-07-05
1562371200,11122.366,11437.813,10499.001,10987.352,1290.66411976,14304932.906175295,2019-07-06
1562457600,10993.887,11705.983,10993.887,11240.759,975.31996589,11135036.958812764,2019-07-07
1562544000,11240.76,11635.22,11093.711,11479.626,612.70282943,6967205.376096867,2019-07-08
1562630400,11479.623,12384.0,11344.092,12287.629,966.87331218,11571853.78622286,2019-07-09
1562716800,12287.63,12812.0,12113.347,12577.849,1480.8513239,18510883.31619026,2019-07-10
1562803200,12574.438,13199.988,11550.001,12090.991,1912.65386086,23746794.938758973,2019-07-11
1562889600,12102.809,12398.988,10950.0,11338.904,1911.09472096,21975356.808081456,2019-07-12
1562976000,11327.707,11962.07,11096.0,11810.0,964.57548244,11191334.949305225,2019-07-13
1563062400,11811.673,11835.026,10813.179,11378.233,850.94966512,9630533.619049981,2019-07-14
1563148800,11375.999,11462.832,10100.01,10194.999,1317.01326363,14019571.613544391,2019-07-15
1563235200,10180.533,11076.43,9878.384,10858.695,1486.26337319,15416902.73373469,2019-07-16
1563321600,10856.157,11031.529,9365.003,9411.608,1786.14742269,18161054.106298923,2019-07-17
1563408000,9419.445,9978.67,9089.0,9682.238,1306.15802919,12512497.386601752,2019-07-18
1563494400,9698.897,10785.499,9295.277,10654.447,1443.33684042,14628877.862223268,2019-07-19
1563580800,10684.522,10766.773,10115.002,10529.999,854.92458558,8925041.263293492,2019-07-20
1563667200,10529.985,11104.0,10375.0,10754.832,915.51979451,9823350.188487815,2019-07-21
1563753600,10755.848,10825.635,10334.038,10591.785,663.59145505,7002729.597268932,2019-07-22
1563840000,10591.786,10689.516,10078.277,10325.083,826.27985042,8570425.723288491,2019-07-23
1563926400,10325.078,10325.078,9820.0,9854.199,845.83241499,8498337.059421172,2019-07-24
1564012800,9850.783,9922.21,9506.22,9771.864,785.90117125,7622654.129095971,2019-07-25
1564099200,9766.237,10175.995,9740.155,9868.0,595.435806,5965423.067571981,2019-07-26
1564185600,9867.772,9903.101,9636.085,9851.638,403.49462499,3943923.7789034983,2019-07-27
1564272000,9849.571,10222.222,9303.809,9468.511,819.34604554,7935907.314699733,2019-07-28
1564358400,9475.915,9622.0,9120.001,9525.626,597.86983333,5626755.123188154,2019-07-29
1564444800,9535.729,9720.0,9372.001,9510.948,414.48549332,3954453.3178902026,2019-07-30
1564531200,9512.543,9765.0,9389.794,9580.0,352.2668198,3369935.535163182,2019-07-31
1564617600,9579.998,10120.577,9569.999,10089.577,705.29947347,6985511.674194688,2019-08-01
1564704000,10089.0,10486.476,9885.0,10399.633,597.34869926,6077376.107888512,2019-08-02
1564790400,10410.153,10659.998,10327.009,10527.446,817.3733684,8560577.218329987,2019-08-03
1564876800,10529.009,11000.0,10509.908,10801.1,648.58436575,6982235.603399853,2019-08-04
1564963200,10816.9,11079.998,10581.0,10979.906,701.44372766,7618624.091483634,2019-08-05
1565049600,10988.03,11950.0,10979.909,11797.981,1450.93245112,16964930.43408304,2019-08-06
1565136000,11815.615,12311.832,11214.15,11472.863,1569.55158734,18472532.886098806,2019-08-07
1565222400,11471.8,12148.0,11398.098,11979.86,1120.03018701,13178208.699909054,2019-08-08
1565308800,11988.838,12063.961,11455.55,11984.82,970.28318007,11428394.655624256,2019-08-09
1565395200,11988.662,12018.0,11665.186,11857.777,498.17897775,5893263.317636386,2019-08-10
1565481600,11857.777,11958.401,11151.213,11295.569,1079.16608088,12401568.724203045,2019-08-11
1565568000,11280.639,11573.329,11093.0,11504.366,494.42886649,5620320.7226960575,2019-08-12
1565654400,11521.311,11541.229,11220.003,11393.455,410.35683664,4675153.47929397,2019-08-13
1565740800,11395.389,11428.081,10750.0,10865.948,769.81979777,8438373.911094056,2019-08-14
1565827200,10857.109,10867.704,9904.79,10020.998,1283.90870502,13295482.657946993,2019-08-15
1565913600,10020.999,10450.002,9499.53,10302.091,1385.29349218,13808106.680797929,2019-08-16
1566000000,10290.066,10538.32,9750.001,10370.57,1073.21244208,10999424.8939129,2019-08-17
1566086400,10370.106,10460.0,9984.906,10218.9,487.18249266,4993708.941713664,2019-08-18
1566172800,10229.128,10502.499,10071.939,10315.979,329.06353484,3391659.11571425,2019-08-19
1566259200,10312.38,10928.0,10275.0,10924.745,765.72803797,8156020.208541173,2019-08-20
1566345600,10927.744,10948.628,10559.999,10750.279,640.57271456,6877680.875252428,2019-08-21
1566432000,10788.21,10797.7,9848.319,10122.55,803.73554512,8168544.055411489,2019-08-22
1566518400,10122.55,10244.341,9766.3,10116.471,572.4637281,5729349.10285746,2019-08-23
1566604800,10096.804,10490.0,10027.559,10412.087,504.99830554,5215210.958507487,2019-08-24
1566691200,10419.86,10435.601,9879.737,10146.0,567.70278682,5746723.760296076,2019-08-25
1566777600,10145.99,10370.697,9900.0,10150.33,365.40064539,3686147.256724313,2019-08-26
1566864000,10147.697,10650.566,10147.697,10367.578,629.28114834,6540851.994675477,2019-08-27
1566950400,10367.578,10367.578,10039.026,10174.886,403.20748971,4102883.4395129937,2019-08-28
1567036800,10170.037,10292.42,9518.003,9724.484,821.09627018,8130793.541165451,2019-08-29
1567123200,9713.673,9713.683,9325.0,9476.96,616.64238124,5859246.798540268,2019-08-30
1567209600,9481.842,9688.972,9356.0,9585.427,343.0236894,3280499.0967870387,2019-08-31
1567296000,9585.426,9688.996,9450.319,9600.54,253.49298211,2431783.973837219,2019-09-01
1567382400,9600.543,9830.0,9536.853,9767.628,186.92658347,1806301.0341805622,2019-09-02
1567468800,9764.834,10481.307,9752.001,10382.85,661.62825276,6703369.233189757,2019-09-03
1567555200,10385.781,10778.972,10285.777,10633.093,712.5268391,7536859.348702856,2019-09-04
1567641600,10635.256,10840.489,10392.002,10589.501,492.31316744,5207648.527924403,2019-09-05
1567728000,10591.547,10650.0,10470.0,10586.138,284.57280397,3004770.7283469406,2019-09-06
1567814400,10575.623,10935.786,10208.847,10315.0,733.68610967,7743403.711233347,2019-09-07
1567900800,10313.297,10565.076,10300.503,10490.805,276.5449245,2884089.1119600306,2019-09-08
1567987200,10480.886,10589.796,10250.02,10412.099,231.20262746,2406053.6130866255,2019-09-09
1568073600,10400.663,10535.2,10071.68,10321.618,516.56001176,5317980.67949246,2019-09-10
1568160000,10321.617,10380.429,9921.08,10108.907,347.32772065,3523190.1521536163,2019-09-11
1568246400,10099.982,10275.036,9870.0,10157.359,423.45233837,4260583.809471081,2019-09-12
1568332800,10157.359,10454.999,10042.213,10431.9,368.41262776,3778330.162973295,2019-09-13
1568419200,10431.9,10455.99,10165.541,10367.025,366.74000021,3779936.339052968,2019-09-14
1568505600,10361.433,10445.0,10225.0,10362.059,201.57858887,2086678.9857132118,2019-09-15
1568592000,10354.656,10380.835,10265.491,10305.623,127.99834154,1319132.7162070894,2019-09-16
1568678400,10315.064,10379.037,10079.705,10260.0,356.55848017,3644623.3424392105,2019-09-17
1568764800,10259.66,10277.299,10135.001,10194.8,379.23934251,3874921.8327024546,2019-09-18
1568851200,10195.303,10248.824,10090.0,10161.115,282.65577923,2879883.810271428,2019-09-19
1568937600,10159.038,10375.288,9598.706,10279.435,926.96076568,9233105.740542633,2019-09-20
1569024000,10279.435,10304.968,10077.768,10170.71,272.61537446,2775543.4160769344,2019-09-21
1569110400,10170.71,10172.82,9924.561,9986.974,193.73211164,1939834.6688829209,2019-09-22
1569196800,9988.167,10089.592,9850.011,10035.125,222.56119195,2219373.065510351,2019-09-23
1569283200,10028.477,10049.988,9616.391,9692.578,396.91778646,3892834.3137602895,2019-09-24
1569369600,9692.578,9779.152,8101.0,8542.477,2217.99008723,19638002.19599625,2019-09-25
1569456000,8539.147,8750.85,8230.001,8438.561,1018.44060914,8590008.060057092,2019-09-26
1569542400,8444.112,8455.862,7740.002,8056.929,1308.7271022,10579148.702072859,2019-09-27
1569628800,8056.424,8272.726,7860.75,8195.161,590.67309248,4750190.592536288,2019-09-28
1569715200,8189.362,8335.108,8023.501,8220.0,492.93897597,4031466.7778514223,2019-09-29
1569801600,8215.146,8241.5,7909.224,8057.138,476.5456459,3832884.109404958,2019-09-30
1569888000,8057.307,8354.169,7700.66,8304.738,604.10734369,4871752.8567525735,2019-10-01
1569974400,8305.104,8520.147,8189.61,8321.746,710.77811605,5949640.279773145,2019-10-02
1570060800,8321.747,8386.343,8180.001,8382.53,622.82412202,5131694.674027149,2019-10-03
1570147200,8391.804,8415.7,8053.31,8238.962,488.81372385,4013865.2056902386,2019-10-04
1570233600,8243.014,8246.114,7999.5,8157.001,1219.66003785,9885120.590019772,2019-10-05
1570320000,8157.0,8199.674,8029.198,8146.87,183.38690695,1487080.922496229,2019-10-06
1570406400,8143.575,8167.65,7780.51,7856.158,367.04141328,2916789.766467322,2019-10-07
1570492800,7863.359,8305.782,7779.31,8215.294,593.51195794,4826408.606178855,2019-10-08
1570579200,8212.0,8345.105,8104.26,8185.449,376.6954579,3089085.6236488298,2019-10-09
1570665600,8183.7,8690.001,8125.171,8591.375,531.59073592,4481030.963300407,2019-10-10
1570752000,8593.921,8653.447,8460.02,8593.528,390.35391841,3337115.7507128217,2019-10-11
1570838400,8589.489,8806.448,8227.482,8272.412,503.27370433,4234220.077552426,2019-10-12
1570924800,8270.853,8412.884,8261.698,8309.001,200.14116666,1667152.7928361127,2019-10-13
1571011200,8309.86,8467.111,8156.612,8288.271,335.97375352,2801681.3749595806,2019-10-14
1571097600,8280.401,8412.018,8224.527,8350.048,234.97723042,1951590.280296594,2019-10-15
1571184000,8355.495,8411.392,8085.112,8164.449,326.51669595,2684329.4570221794,2019-10-16
1571270400,8162.84,8178.327,7922.988,8008.0,477.17117081,3826353.4388616215,2019-10-17
1571356800,8000.002,8126.57,7942.453,8077.215,376.06962044,3018347.7225762983,2019-10-18
1571443200,8077.339,8120.053,7818.653,7957.964,301.6850452,2397189.9097952778,2019-10-19
1571529600,7958.325,8093.705,7886.032,7958.615,225.74599448,1800681.668593145,2019-10-20
1571616000,7966.111,8303.99,7884.46,8230.858,330.90346959,2674139.6026333477,2019-10-21
1571702400,8235.973,8344.0,8161.877,8214.481,238.34977747,1961957.4089553314,2019-10-22
1571788800,8214.481,8299.371,7999.998,8027.635,320.11846041,2616041.0632470534,2019-10-23
1571875200,8027.635,8052.82,7333.0,7479.96,786.5806951,5998691.478253499,2019-10-24
1571961600,7476.401,7513.147,7356.416,7433.838,464.97439663,3464336.691221875,2019-10-25
1572048000,7430.581,8789.794,7408.874,8675.219,1294.44188254,10750320.979841648,2019-10-26
1572134400,8679.909,10540.0,8652.33,9271.52,1871.99771007,17781378.618913364,2019-10-27
1572220800,9260.047,9817.443,9099.269,9552.996,750.04859527,7116866.2127511185,2019-10-28
1572307200,9569.654,9915.0,9189.142,9221.232,700.95825251,6647407.952538413,2019-10-29
1572393600,9232.687,9555.0,9072.656,9431.596,431.04841055,4045005.764924632,2019-10-30
1572480000,9439.525,9439.525,8994.49,9170.0,492.90281284,4525229.385982289,2019-10-31
1572566400,9170.001,9431.1,8943.0,9162.654,541.34496641,4970890.2756044725,2019-11-01
1572652800,9154.719,9300.0,9066.0,9260.402,309.05098694,2831910.5638909903,2019-11-02
1572739200,9265.721,9393.0,9209.0,9307.694,158.22490051,1472594.1381742116,2019-11-03
1572825600,9307.693,9374.927,9079.27,9213.384,164.34841041,1513384.5367086353,2019-11-04
1572912000,9215.867,9607.404,9136.0,9420.384,415.25572423,3902132.2290384187,2019-11-05
1572998400,9417.07,9475.425,9178.476,9310.497,338.19201116,3159017.0157435103,2019-11-06
1573084800,9316.804,9433.759,9263.985,9352.0,240.20651594,2243932.5266154087,2019-11-07
1573171200,9352.0,9372.615,9087.354,9216.169,335.45901497,3094432.6620911034,2019-11-08
1573257600,9209.369,9247.1,8674.0,8768.823,688.69441467,6097160.066032722,2019-11-09
1573344000,8754.334,8875.596,8727.739,8804.099,193.60870943,1703558.372550822,2019-11-10
1573430400,8804.618,9146.0,8756.707,9042.321,290.21514379,2603346.145101524,2019-11-11
1573516800,9037.963,9066.904,8602.0,8721.537,559.99634363,4916668.442663601,2019-11-12
1573603200,8721.536,8882.24,8561.523,8809.0,290.45906963,2533974.595691643,2019-11-13
1573689600,8809.0,8829.422,8711.159,8761.669,275.39333532,2409444.5495107546,2019-11-14
1573776000,8761.669,8782.864,8566.0,8641.08,226.95588941,1964122.42066348,2019-11-15
1573862400,8635.334,8768.26,8370.0,8454.075,456.40491776,3897047.5517335213,2019-11-16
1573948800,8454.075,8522.0,8433.873,8487.36,151.16346159,1281216.870131515,2019-11-17
1574035200,8490.362,8621.476,8375.0,8505.808,199.55116351,1701181.888262795,2019-11-18
1574121600,8499.175,8499.175,8020.0,8180.0,423.76808591,3502517.8759982283,2019-11-19
1574208000,8170.783,8195.966,8000.0,8119.676,389.16688843,3151365.2634980176,2019-11-20
1574294400,8127.371,8224.793,8028.82,8078.384,326.10664636,2638266.604852824,2019-11-21
1574380800,8080.0,8110.0,7402.339,7615.512,846.01242646,6528838.065891315,2019-11-22
1574467200,7620.406,7710.997,6782.048,7304.25,1695.19057629,12250223.243174156,2019-11-23
1574553600,7304.25,7351.411,7109.521,7324.499,520.02238664,3765706.806785117,2019-11-24
1574640000,7341.239,7353.04,6879.09,6901.5,466.33976769,3319673.2947876495,2019-11-25
1574726400,6898.61,7386.25,6525.895,7131.21,1005.89457023,6989274.014118487,2019-11-26
1574812800,7127.021,7337.0,7030.872,7167.234,589.23583955,4208763.421383921,2019-11-27
1574899200,7163.0,7669.125,6855.0,7536.79,783.70209989,5744058.984202673,2019-11-28
1574985600,7533.457,7650.738,7370.0,7426.725,444.5452346,3347467.669999346,2019-11-29
1575072000,7422.004,7858.836,7402.863,7761.31,396.29624749,3035555.420027221,2019-11-30
1575158400,7763.213,7804.87,7454.555,7558.757,357.40299798,2736108.6503405734,2019-12-01
1575244800,7558.757,7558.757,7240.525,7405.881,380.14970348,2793178.4479179876,2019-12-02
1575331200,7412.401,7426.409,7155.545,7309.126,431.10475539,3148801.45373225,2019-12-03
1575417600,7309.0,7415.355,7235.291,7299.894,373.57822696,2735038.4764231415,2019-12-04
1575504000,7305.444,7794.172,7085.034,7198.21,955.30181836,7038102.272124132,2019-12-05
1575590400,7198.663,7470.771,7168.121,7411.363,489.18630188,3586369.6340851174,2019-12-06
1575676800,7391.058,7606.291,7318.409,7551.365,468.63510078,3481165.335829169,2019-12-07
1575763200,7548.993,7643.764,7494.759,7512.358,244.5603057,1845866.2486782726,2019-12-08
1575849600,7509.48,7572.823,7385.0,7519.425,214.10285385,1606099.6249539068,2019-12-09
1575936000,7519.425,7682.168,7284.916,7342.573,529.66154303,3951085.216852962,2019-12-10
1576022400,7340.0,7390.37,7170.0,7226.433,377.81985967,2750541.4955735886,2019-12-11
1576108800,7226.336,7282.345,7132.416,7201.423,332.27798649,2394984.168888479,2019-12-12
1576195200,7201.423,7308.827,7085.013,7193.85,329.08464935,2367678.0638415073,2019-12-13
1576281600,7189.425,7299.0,7189.425,7261.478,282.37091915,2043264.489953191,2019-12-14
1576368000,7261.475,7273.094,7018.449,7077.74,201.51487085,1440295.887994977,2019-12-15
1576454400,7067.862,7190.0,7011.808,7118.511,212.78225724,1514218.8021666093,2019-12-16
1576540800,7120.786,7140.635,6833.0,6892.734,512.00581684,3572654.561307123,2019-12-17
1576627200,6882.7,6933.534,6553.003,6615.575,684.81694163,4622658.723240022,2019-12-18
1576713600,6617.816,7400.0,6441.769,7286.56,1081.58034337,7430513.956993133,2019-12-19
1576800000,7298.784,7378.249,7041.659,7145.139,554.4986177,3964114.603859068,2019-12-20
1576886400,7144.16,7216.0,7080.963,7199.036,292.06383856,2089876.6197217067,2019-12-21
1576972800,7198.619,7198.619,7119.996,7138.304,279.25174412,1997016.0123798104,2019-12-22
1577059200,7138.201,7522.86,7132.483,7514.846,451.66314921,3308952.451070733,2019-12-23
1577145600,7514.848,7688.582,7266.555,7327.021,560.64597364,4202873.405333918,2019-12-24
1577232000,7317.483,7429.987,7173.002,7262.372,506.83516684,3696295.351035697,2019-12-25
1577318400,7259.957,7265.525,7120.0,7200.635,167.19063937,1205027.1587854007,2019-12-26
1577404800,7197.603,7427.998,7130.0,7199.705,316.40501731,2297766.532136819,2019-12-27
1577491200,7194.06,7254.319,7064.079,7243.177,256.49200819,1846941.6530944386,2019-12-28
1577577600,7246.413,7354.644,7237.274,7303.505,316.56627475,2313246.653158715,2019-12-29
1577664000,7302.847,7517.0,7280.117,7393.018,261.07250201,1925625.1877850262,2019-12-30
1577750400,7383.477,7399.999,7208.377,7220.81,315.72895894,2295378.1540002027,2019-12-31
1577836800,7216.259,7294.139,7115.243,7171.998,345.81360979,2486086.384862653,2020-01-01
1577923200,7171.042,7246.13,7156.248,7181.401,109.01214842,784983.0778890329,2020-01-02
1578009600,7180.032,7199.926,6914.0,6940.133,270.3773446,1902743.9198363968,2020-01-03
1578096000,6940.133,7392.063,6865.0,7335.221,485.23879857,3507185.7996594934,2020-01-04
1578182400,7333.107,7391.564,7259.999,7348.0,211.96657265,1552605.8737943738,2020-01-05
1578268800,7347.999,7485.631,7321.0,7358.856,223.43616352,1659680.548442493,2020-01-06
1578355200,7358.255,7800.5,7347.456,7771.675,480.1168171,3635337.4145286935,2020-01-07
1578441600,7763.0,8203.119,7710.003,8165.528,815.35919552,6492072.966132143,2020-01-08
1578528000,8161.0,8465.419,7870.861,8053.418,878.81518271,7218507.663468539,2020-01-09
1578614400,8041.396,8041.396,7750.0,7817.804,581.18405893,4586946.9757115515,2020-01-10
1578700800,7812.565,8199.177,7679.555,8185.541,535.27499587,4253229.880786201,2020-01-11
1578787200,8188.815,8285.987,8006.834,8022.145,455.23820213,3702257.6803578087,2020-01-12
1578873600,8020.698,8187.559,7962.292,8187.559,303.83303781,2466241.746339559,2020-01-13
1578960000,8186.719,8188.0,8042.087,8107.852,290.27319464,2352135.80505494,2020-01-14
1579046400,8109.802,8889.0,8109.802,8830.329,1485.98096471,12831956.667089762,2020-01-15
1579132800,8830.326,8900.0,8566.615,8819.648,1065.00174979,9316897.215592753,2020-01-16
1579219200,8819.649,8856.73,8587.329,8719.188,570.07669276,4944021.381483323,2020-01-17
1579305600,8719.186,9005.0,8667.915,8905.412,919.17163791,8149631.807122085,2020-01-18
1579392000,8905.411,8983.63,8805.239,8919.773,491.34441954,4375895.766231511,2020-01-19
1579478400,8917.507,9182.716,8450.0,8702.126,946.8061549,8308886.017222755,2020-01-20
1579564800,8702.123,8730.061,8516.233,8623.821,318.48333556,2753102.729243786,2020-01-21
1579651200,8629.697,8765.447,8468.129,8723.745,451.7456223,3900796.229962643,2020-01-22
1579737600,8734.542,8789.0,8580.004,8667.995,332.75447145,2884359.5033425717,2020-01-23
1579824000,8667.994,8667.999,8287.0,8397.15,568.33611942,4788591.584679814,2020-01-24
1579910400,8393.571,8518.047,8218.837,8441.076,570.46359765,4800695.668217822,2020-01-25
1579996800,8436.133,8441.061,8261.594,8337.746,490.12592972,4083881.468330913,2020-01-26
1580083200,8330.062,8594.669,8290.78,8589.988,447.11939016,3801855.764462212,2020-01-27
1580169600,8589.982,8990.0,8560.145,8906.508,749.47332189,6583941.073618333,2020-01-28
1580256000,8898.502,9403.758,8888.001,9390.0,970.76152732,8837691.021123717,2020-01-29
1580342400,9389.999,9421.071,9239.848,9287.186,548.41642692,5119829.5215132665,2020-01-30
1580428800,9284.705,9563.137,9141.682,9497.257,1076.51683264,10147201.822550444,2020-01-31
1580515200,9488.093,9510.017,9200.22,9336.269,523.92811767,4891795.7065406265,2020-02-01
1580601600,9336.548,9449.433,9290.0,9384.336,300.96894634,2821710.0824745717,2020-02-02
1580688000,9384.243,9470.0,9150.0,9324.376,375.32515149,3516340.150079595,2020-02-03
1580774400,9321.259,9615.884,9214.838,9289.033,562.39956789,5256872.549330715,2020-02-04
1580860800,9285.674,9342.2,9077.097,9170.604,667.65438772,6138320.821371118,2020-02-05
1580947200,9170.604,9768.223,9156.753,9610.677,780.08234462,7407416.958512814,2020-02-06
1581033600,9612.456,9850.0,9530.0,9758.0,802.95775529,7791197.272506473,2020-02-07
1581120000,9762.477,9870.0,9721.742,9804.588,596.47743862,5835128.433013421,2020-02-08
1581206400,9804.587,9948.833,9664.3,9908.659,535.3941769,5251297.976890449,2020-02-09
1581292800,9907.789,10169.64,9895.0,10166.238,671.81779357,6766482.40953668,2020-02-10
1581379200,10166.247,10197.0,9708.759,9856.324,760.31596256,7516931.761709242,2020-02-11
1581465600,9855.073,10391.077,9700.0,10275.302,829.28279114,8340634.8503159825,2020-02-12
1581552000,10276.654,10490.0,10250.445,10361.187,775.41514909,8024008.6613618545,2020-02-13
1581638400,10356.885,10517.506,10088.844,10233.558,1266.59643914,13031721.035350388,2020-02-14
1581724800,10233.56,10400.0,10105.479,10368.11,691.60154131,7101249.617673477,2020-02-15
1581811200,10368.11,10397.141,9747.252,9920.551,696.60686912,7033626.903591339,2020-02-16
1581897600,9920.551,10055.278,9601.0,9943.334,623.8191917,6148509.590258169,2020-02-17
1581984000,9942.772,9965.672,9450.0,9705.413,650.90448942,6302801.2045609085,2020-02-18
1582070400,9706.029,10278.572,9622.164,10186.584,851.59598804,8465871.075320989,2020-02-19
1582156800,10194.385,10300.0,9200.634,9600.178,965.9555073,9557018.51779029,2020-02-20
1582243200,9597.38,9691.105,9410.0,9608.948,740.85291973,7093183.3734922595,2020-02-21
1582329600,9610.017,9792.127,9578.085,9699.219,604.73972264,5865336.671633891,2020-02-22
1582416000,9698.978,9724.996,9574.563,9669.56,368.97459725,3565960.557548595,2020-02-23
1582502400,9668.859,10023.305,9664.373,9976.684,419.83190146,4151880.7726510116,2020-02-24
1582588800,9966.647,10019.999,9485.119,9667.47,803.46837528,7801310.549076221,2020-02-25
1582675200,9665.387,9679.994,9244.444,9304.247,672.93724696,6349535.606379559,2020-02-26
1582761600,9304.017,9365.221,8553.996,8796.65,1289.05275363,11554859.414427187,2020-02-27
1582848000,8789.224,8972.703,8529.896,8804.316,804.41207404,7068756.040795686,2020-02-28
1582934400,8806.766,8900.507,8432.311,8694.123,890.42636483,7715547.784805872,2020-02-29
1583020800,8708.931,8802.389,8528.389,8528.389,330.23925345,2862195.6020159875,2020-03-01
1583107200,8527.869,8759.997,8412.5,8528.927,544.6304981,4659866.620084086,2020-03-02
1583193600,8522.482,8971.103,8492.389,8917.846,655.31887496,5739713.959868398,2020-03-03
1583280000,8913.289,8917.617,8662.985,8757.591,534.18176576,4690811.9738726,2020-03-04
1583366400,8757.591,8847.999,8671.873,8767.87,618.02794819,5413805.767043342,2020-03-05
1583452800,8767.864,9176.388,8767.864,9073.368,767.13698328,6916230.6908372305,2020-03-06
1583539200,9069.985,9182.091,9000.0,9156.0,497.77446389,4528903.791936404,2020-03-07
1583625600,9159.008,9212.0,8850.0,8901.469,470.71715987,4247925.792699965,2020-03-08
1583712000,8901.469,8901.469,8002.0,8040.036,1048.62211929,8826715.854689162,2020-03-09
1583798400,8039.624,8179.345,7000.0,7929.153,2143.513567,16874902.13475471,2020-03-10
1583884800,7938.064,8157.163,7730.092,7888.469,1204.33236383,9592574.325654944,2020-03-11
1583971200,7897.662,7993.979,7584.515,7943.571,899.33348957,7020526.213775142,2020-03-12
1584057600,7943.571,7968.197,4535.001,4888.08,4544.60318402,27946338.23046899,2020-03-13
1584144000,4836.173,5983.117,3910.0,5639.892,4026.62193824,20688221.67582612,2020-03-14
1584230400,5639.892,5675.053,5031.304,5164.435,1363.22376362,7373910.339800137,2020-03-15
1584316800,5165.08,5950.0,5000.0,5345.671,1581.49916148,8514976.253351327,2020-03-16
1584403200,5346.591,5350.643,4421.672,5037.248,2315.52871303,11382752.809097975,2020-03-17
1584489600,5054.128,5580.0,4937.613,5347.788,1459.87114087,7767179.695241649,2020-03-18
1584576000,5340.817,5449.363,5024.97,5410.334,1514.31754933,7988874.095111123,2020-03-19
1584662400,5410.338,6430.0,5269.999,6190.655,2866.60642116,16894145.523780484,2020-03-20
1584748800,6189.369,6932.75,5650.0,6202.648,3463.18949703,22093178.356154922,2020-03-21
1584835200,6205.794,6484.719,5862.997,6195.213,1865.47726922,11501134.975059165,2020-03-22
1584921600,6199.066,6410.673,5738.678,5832.473,1251.75009628,7593745.955932183,2020-03-23
1585008000,5823.36,6638.977,5690.001,6499.728,1836.18052612,11419026.784639623,2020-03-24
1585094400,6495.142,6870.0,6403.004,6772.331,1679.29045535,11185527.680603929,2020-03-25
1585180800,6770.774,6975.0,6472.963,6694.985,1330.0015911,8882381.155222142,2020-03-26
1585267200,6693.686,6798.841,6529.325,6757.786,936.69202171,6233443.6511935,2020-03-27
1585353600,6757.787,6864.57,6280.0,6363.965,1268.71807233,8447740.7940075,2020-03-28
1585440000,6370.171,6371.088,6035.464,6258.904,1398.98708471,8703567.239835393,2020-03-29
1585526400,6257.48,6274.128,5870.18,5882.002,962.85464387,5838897.5684468495,2020-03-30
1585612800,5875.193,6625.0,5859.508,6404.945,1670.4168628,10516080.289137553,2020-03-31
1585699200,6409.346,6529.05,6340.0,6425.102,907.74979251,5852805.02853009,2020-04-01
1585785600,6429.522,6712.471,6160.0,6664.981,1278.38171691,8147979.718234586,2020-04-02
1585872000,6669.778,7266.832,6580.0,6799.87,2100.34072292,14315136.13193968,2020-04-03
1585958400,6799.869,7060.0,6611.75,6743.385,1501.43518761,10265533.354387034,2020-04-04
1586044800,6746.185,7030.65,6666.6,6875.281,838.56366145,5705122.343256718,2020-04-05
1586131200,6875.455,6909.3,6683.0,6780.932,567.88123758,3856774.863825702,2020-04-06
1586217600,6775.869,7365.0,6775.868,7345.257,1620.19278442,11497725.39113273,2020-04-07
1586304000,7341.339,7465.0,7077.77,7202.697,1508.82630609,11036149.52699017,2020-04-08
1586390400,7200.564,7430.491,7154.981,7370.372,1122.77376165,8212710.58049728,2020-04-09
1586476800,7371.642,7373.488,7110.0,7293.348,815.06051203,5946505.063113008,2020-04-10
1586563200,7294.7,7307.394,6751.166,6874.276,1273.93844845,8866827.154572187,2020-04-11
1586649600,6874.276,6954.392,6775.0,6891.622,550.37389183,3774172.3605944095,2020-04-12
1586736000,6891.621,7201.0,6793.289,6910.404,973.18205446,6835356.89776816,2020-04-13
1586822400,6905.081,6905.081,6560.0,6863.54,1102.47165875,7443276.614336898,2020-04-14
1586908800,6863.529,6988.0,6771.703,6874.317,727.18058163,5014579.020106074,2020-04-15
1586995200,6880.195,6939.536,6606.062,6622.894,1039.0663395,7021594.074860432,2020-04-16
1587081600,6624.674,7215.139,6450.0,7116.578,1933.94546012,13372411.933451185,2020-04-17
1587168000,7115.987,7155.135,7000.0,7034.026,676.27871242,4783299.085073967,2020-04-18
1587254400,7033.923,7307.392,7022.84,7259.96,807.29580902,5805085.313154949,2020-04-19
1587340800,7263.505,7271.02,7064.771,7126.568,583.2770954,4178232.4004702875,2020-04-20
1587427200,7131.664,7229.044,6760.0,6844.165,1043.08556835,7294819.4541414995,2020-04-21
1587513600,6839.974,6950.614,6779.162,6860.911,668.7368726,4592701.362469072,2020-04-22
1587600000,6860.286,7169.0,6830.0,7141.727,812.87232817,5732641.467565172,2020-04-23
1587686400,7141.726,7777.0,7035.005,7490.122,1353.75444448,10033908.822986731,2020-04-24
1587772800,7490.256,7607.571,7382.0,7510.969,733.91895743,5517461.647529667,2020-04-25
1587859200,7510.969,7712.0,7445.862,7550.2,977.54678562,7396022.721358058,2020-04-26
1587945600,7550.2,7712.992,7475.0,7707.0,841.70540818,6408645.6021922445,2020-04-27
1588032000,7707.0,7827.0,7640.005,7790.017,773.56023181,5968481.216344501,2020-04-28
1588118400,7796.58,7798.308,7675.225,7760.0,592.39209214,4581823.076816832,2020-04-29
1588204800,7760.305,8791.365,7717.972,8667.432,1684.48058519,13799094.604089525,2020-04-30
